sdk:automate:hub-management|2394.9958999753
sdk:setup|2949.1915999650955
sdk:automate:hub-management|2416.477699995041
sdk:setup|2965.03100001812
sdk:automate:hub-management|2381.909900009632
sdk:setup|2943.825200021267
sdk:automate:hub-management|2103.315400004387
sdk:setup|2691.63789999485
sdk:automate:hub-management|2101.5620000362396
sdk:setup|2686.3227999806404
sdk:automate:hub-management|2086.0418000221252
sdk:setup|2690.391400039196
sdk:automate:hub-management|2189.80269998312
sdk:setup|2798.2330999970436
sdk:automate:hub-management|2198.7954999804497
sdk:setup|2792.948100030422
sdk:automate:hub-management|2133.981100022793
sdk:setup|2749.215099990368
